,Tweets,len,ID,Date,Source,Likes,RTs,SA
0,"Thank you, Prime Minister @PresRajapaksa! It was a pleasure to speak to you. Once again, many congratulations. We will work together to further advance all areas of bilateral cooperation and to take our special ties to ever newer heights. https://t.co/123ahoxlMo",262,1291395378563231745,2020-08-06 15:27:05,Twitter for iPhone,32190,3378,1
1,"At 11 AM on Friday, 7th August, I would be addressing the ‘Conclave on Transformational Reforms in Higher Education under National Education Policy.’  

This conclave will emphasise on how the changes in India’s education sector will benefit youngsters. https://t.co/JkYXosI7WF",277,1291363838235828225,2020-08-06 13:21:46,Twitter Web App,46884,6716,1
2,"Remembering Sushma Ji on her first Punya Tithi. Her untimely and unfortunate demise left many saddened. She served India selflessly and was an articulate voice for India at the world stage. 

Here is what I had spoken at a prayer meet in her memory. 

https://t.co/nHIXCw469P",275,1291280955638861826,2020-08-06 07:52:25,Twitter Web App,48035,6139,1
3,Saddened by the tragic hospital fire in Ahmedabad. Condolences to the bereaved families. May the injured recover soon. Spoke to CM @vijayrupanibjp Ji and Mayor @ibijalpatel Ji regarding the situation. Administration is providing all possible assistance to the affected.,269,1291206650930421760,2020-08-06 02:57:09,Twitter for iPhone,59872,6386,-1
4,"A blessed day in Ayodhya. 

This day will remain etched in the memory of every Indian.

May the blessings of Bhagwan Shree Ram always be upon us. May India scale new heights of progress. May every Indian be healthy and prosperous. @ShriRamTeerth https://t.co/4JbHYcTv0b",269,1291019545138741248,2020-08-05 14:33:40,Twitter Web App,130945,22893,1
5,Prayed at  the sacred Hanumangarhi and sought Lord Hanuman's blessings. https://t.co/Jbf4X04Mxh,95,1291016827267506179,2020-08-05 14:22:52,Twitter Web App,224573,30115,0
6,"राम समय, स्थान और परिस्थितियों के हिसाब से बोलते हैं, सोचते हैं, करते हैं। राम हमें समय के साथ बढ़ना सिखाते हैं, चलना सिखाते हैं।

राम परिवर्तन के पक्षधर हैं, राम आधुनिकता के पक्षधर हैं। उनकी इन्हीं प्रेरणाओं और आदर्शों के साथ भारत आज आगे बढ़ रहा है। https://t.co/uleGkVUhXr",274,1290998846152044545,2020-08-05 13:11:25,Twitter Media Studio,57325,11605,0
7,"दुनिया में न जाने कितने देश हैं, जहां की आस्था में या अतीत में, राम किसी न किसी रूप में रचे-बसे हैं।

मुझे विश्वास है कि आज इन देशों में भी करोड़ों लोगों को राम मंदिर के निर्माण का काम शुरू होने से बहुत सुखद अनुभूति हो रही होगी। https://t.co/toJyWD4VL0",252,1290998663120994304,2020-08-05 13:10:41,Twitter Media Studio,49230,9888,0
8,"जीवन का ऐसा कोई पहलू नहीं है, जहां हमारे राम प्रेरणा न देते हों।

भारत की ऐसी कोई भावना नहीं है, जिसमें प्रभु राम झलकते न हों।

भारत की आस्था में राम हैं, आदर्शों में राम हैं।

भारत की दिव्यता में राम हैं, दर्शन में राम हैं।

राम भारत की ‘अनेकता में एकता’ के सूत्र हैं। https://t.co/Pw52PBWDcE",293,1290998415472484352,2020-08-05 13:09:42,Twitter Media Studio,38783,8440,0
9,"राम मंदिर के निर्माण की यह प्रक्रिया राष्ट्र को जोड़ने का उपक्रम है।
 
यह महोत्सव है-

विश्वास को विद्यमान से जोड़ने का,

नर को नारायण से जोड़ने का,

लोक को आस्था से जोड़ने का,

वर्तमान को अतीत से जोड़ने का

और स्व को संस्कार से जोड़ने का। https://t.co/yS5RLpLfD1",263,1290998127281860613,2020-08-05 13:08:33,Twitter Media Studio,36924,8070,0
10,"कई-कई सदियों तक, कई-कई पीढ़ियों ने अखंड, अविरत, एकनिष्ठ प्रयास किए हैं।

आज का यह दिन उसी तप, त्याग और संकल्प का प्रतीक है। https://t.co/gINQ5qmnzD",147,1290997921383505925,2020-08-05 13:07:44,Twitter Media Studio,83125,15248,0
11,"कन्याकुमारी से क्षीर भवानी तक,

कोटेश्वर से कामाख्या तक,

जगन्नाथ से केदारनाथ तक, 

सोमनाथ से काशी विश्वनाथ तक,

सम्मेद शिखर से श्रवणबेलगोला तक,

बोधगया से सारनाथ तक,

अमृतसर से पटना साहिब तक, 

अंडमान से अजमेर तक, 

लक्षद्वीप से लेह तक,

आज पूरा भारत राममय है। https://t.co/LBm03myfDh",285,1290997801917100034,2020-08-05 13:07:16,Twitter Media Studio,90094,19961,0
12,Live from Ayodhya. https://t.co/cHp9fTFEdx,42,1290921136276910080,2020-08-05 08:02:37,Periscope,150787,31757,1
13,Shri Ebrahim Alkazi will be remembered for his efforts to make theatre more popular and accessible across India. His contributions to the world of art and culture are noteworthy too. Saddened by his demise. My thoughts are with his family and friends. May his soul rest in peace.,279,1290622992150482944,2020-08-04 12:17:54,Twitter Web App,41916,3952,1
14,"For those youngsters who did not get the desired result in the Civil Services Examination, 2019, I would like to tell them- life is full of several opportunities. Each and every one of you is hardworking and diligent. Best wishes for all your future endeavours.",261,1290612111345770496,2020-08-04 11:34:40,Twitter Web App,79442,8047,1
15,"Congratulations to all the bright youngsters who have successfully cleared the Civil Services Examination, 2019! An exciting and satisfying career of public service awaits you. My best wishes!",192,1290611522440331264,2020-08-04 11:32:20,Twitter Web App,155819,12716,1
16,"Thank you the Raksha Bandhan wishes @DeepaAthlete. 

Glad to see the rising popularity of Para Sports across India. Congratulations to all the athletes, their families and their coaches. https://t.co/VQfpfYzZ4P",210,1290337164073435137,2020-08-03 17:22:07,Twitter for iPhone,30038,2890,1
17,"स्नेहमयी शुभकामनाओं और प्रेरणादायी विचारों के लिए आपका बहुत-बहुत धन्यवाद।
@sonal_mansingh https://t.co/lbBZTHOa9O",113,1290336787118714883,2020-08-03 17:20:38,Twitter for iPhone,35881,3555,0
18,"Thank you @MangteC! I consider it an honour to have got the opportunity to work towards empowering our Nari Shakti. 

I am also particularly happy to see more women pursuing sports and excelling in them. It is a great sign. https://t.co/4xYlUtYrus",247,1290305986461229057,2020-08-03 15:18:14,Twitter for iPhone,24656,2646,1
19,"शुभकामना संदेश के लिए @sinha_arunima जी आपका बहुत-बहुत धन्यवाद। आपने अपने हौसले और जज्बे से जिस प्रकार देश का नाम रोशन किया है, वह हर किसी के लिए प्रेरणादायी है। https://t.co/sgEeomwB3I",185,1290305842873380864,2020-08-03 15:17:40,Twitter for iPhone,14924,1874,0
20,"आपका बहुत-बहुत आभार।
@realshooterdadi https://t.co/eILto1rMHn",61,1290305731053248512,2020-08-03 15:17:13,Twitter for iPhone,22803,2292,0
21,Thank you @kmmalleswari. Your Raksha Bandhan wishes are extremely special. https://t.co/x5QZ7ME0Ll,98,1290305608646709248,2020-08-03 15:16:44,Twitter for iPhone,22834,2268,1
22,Humbled by your Raksha Bandhan wishes @NSaina. Generations of sportspersons are inspired by your hardwork and success! https://t.co/mOWLsCkfL1,142,1290305424357355530,2020-08-03 15:16:00,Twitter for iPhone,28790,2859,1
23,Thank you @HimaDas8! Happy to receive your Raksha Bandhan greetings. https://t.co/fwBkc2n6nG,92,1290305020697640960,2020-08-03 15:14:24,Twitter for iPhone,67406,5130,1
24,Thank you @imranirampal. https://t.co/6m3TnQp6iz,48,1290304827138781185,2020-08-03 15:13:38,Twitter for iPhone,22467,1997,0
25,"Thank you for the wishes, @PTUshaOfficial. Your efforts to mentor young sporting talent is commendable. Efforts like yours are vital for Indian sportspersons to shine at the world stage. https://t.co/UD6PphSvQP",210,1290304692723957760,2020-08-03 15:13:06,Twitter for iPhone,19648,2159,1
26,"Honoured to receive the blessings from Rajyogini Dadi Hirdaya Mohini Ji, @DadiRatanMohini Ji and the  
@brahmakumarishq family. 

The blessings will remain etched in my memory and motivate me to work for the development of our nation. https://t.co/6wxu4n6yln",258,1290263853440200704,2020-08-03 12:30:49,Twitter Web App,18535,2384,0
27,"Thank you for the Raksha Bandhan greetings @Pvsindhu1.

You have already given so many gifts to the nation and I am sure you will continue to excel in the times to come. Every Indian is proud of you! https://t.co/5q1IgltRVj",223,1290262731413549057,2020-08-03 12:26:21,Twitter Web App,40720,4483,1
28,"Gratitude for the Raksha Bandhan greetings, @anjubobbygeorg1. India is proud of your achievements and contribution to sports. https://t.co/WgKgQtZa9P",149,1290262439812972546,2020-08-03 12:25:12,Twitter Web App,16556,2075,1
29,Thank you @manikabatra_TT. Your wishes are a source of great strength. https://t.co/ov22e8BvV7,94,1290262248208781312,2020-08-03 12:24:26,Twitter Web App,18952,2162,1
30,"Thank you for the wishes @DuteeChand. Good luck to you for your efforts to excel in sports.

For me, the biggest laurel is representing the nation with diligence and tenacity. Every sportsperson does that, which is why I am proud of every player who represents India. https://t.co/6CD3A4DVQe",291,1290262030692134912,2020-08-03 12:23:34,Twitter Web App,16816,2067,1
31,"बहुत-बहुत आभार @maliniawasthi जी। देश की हमारी करोड़ों बहनों की यही वह भावना है, जो भारतवर्ष को समृद्ध, सुरक्षित और सशक्त बनाने के लिए प्रेरित करती है। https://t.co/SVEvpMBlSo",175,1290261346013995009,2020-08-03 12:20:51,Twitter Web App,26778,3436,0
32,"Thank you for the wishes. 

Your respect towards our brave soldiers and Corona warriors is laudatory. https://t.co/D93MgY0v7A",125,1290261155772952576,2020-08-03 12:20:06,Twitter Web App,12411,1642,1
33,बहुत-बहुत धन्यवाद। https://t.co/btIEMMhhyF,42,1290259516521508866,2020-08-03 12:13:35,Twitter Web App,20235,2162,0
34,Thank you for the Raksha Bandhan greetings! Lovely Rakhi too. https://t.co/YHyOU35GoX,85,1290259002324971520,2020-08-03 12:11:32,Twitter Web App,25044,2249,1
35,Thank you for the wishes!  :) https://t.co/zOXrfSeZFA,53,1290258877737394176,2020-08-03 12:11:02,Twitter Web App,55536,4371,0
36,अद्य संस्कृतदिवसे ये संस्कृतभाषां पठन्ति तथा च जनेषु तस्याः प्रचारार्थं प्रयासं कुर्वन्ति तान् सर्वान् प्रणमामि। संस्कृतभाषा सुन्दरी भाषा अस्ति किञ्च सहस्रशः वर्षेभ्यः अस्माकं श्रेष्ठायाः संस्कृत्याः भागभूता अस्ति। आगामिषु वर्षेषु संस्कृतभाषायाः लोकप्रियता नितराम् अभिवर्धताम्।,277,1290189692957126658,2020-08-03 07:36:08,Twitter Web App,89445,13597,0
37,"लता दीदी, रक्षा बंधन के इस शुभ अवसर पर आपका यह भावपूर्ण संदेश असीम प्रेरणा और ऊर्जा देने वाला है। करोड़ों माताओं-बहनों के आशीर्वाद से हमारा देश नित नई ऊंचाइयों को छुएगा, नई-नई सफलताएं प्राप्त करेगा। आप स्वस्थ रहें और दीर्घायु हों, ईश्वर से मेरी यही प्रार्थना है। @mangeshkarlata https://t.co/pDHg0y3fDT",302,1290164706808705025,2020-08-03 05:56:50,Twitter for iPhone,104178,14079,0
38,"Respected @Amritanandamayi Ji, I am most humbled by your special Raksha Bandhan greetings. It is my honour and privilege to work for our great nation.

Blessings from you, and from India’s Nari Shakti, give me great strength. They are also vital for India’s growth and progress. https://t.co/FoLQdjrxEi",302,1290154628667957248,2020-08-03 05:16:48,Twitter for iPhone,34290,5087,1
39,रक्षा बंधन के पावन पर्व पर समस्त देशवासियों को बहुत-बहुत शुभकामनाएं।,68,1290111771471015936,2020-08-03 02:26:30,Twitter for iPhone,279505,29457,0
40,"Thank you @PresidentRuvi! Greetings to you as well as to the wonderful people of Israel. 

May the India-Israel friendship grow even stronger in the times to come. https://t.co/MQzkqpQk8e",187,1289950861632901121,2020-08-02 15:47:06,Twitter for iPhone,81915,9623,1
41,उत्तर प्रदेश सरकार की मंत्री श्रीमती कमला रानी वरुण जी के निधन से बहुत दुख हुआ। उनका पूरा जीवन समाजसेवा के प्रति समर्पित रहा। उन्होंने राज्य में भाजपा को मजबूत बनाने में महत्वपूर्ण भूमिका निभाई। शोक की इस घड़ी में मेरी संवेदनाएं उनके परिजनों और समर्थकों के साथ हैं।ओम शांति!,274,1289859806975496192,2020-08-02 09:45:17,Twitter for iPhone,82396,7626,0
42,"Best wishes to CM of Gujarat, Shri @vijayrupanibjp on his birthday. He has been making an effective contribution to Gujarat’s progress. Praying for his long and healthy life.",174,1289762022964391936,2020-08-02 03:16:43,Twitter for iPhone,68637,6127,1
43,"Best wishes to generations of footballers, members and of course supporters on the centenary of @eastbengalfc. This is a milestone for Indian sport, and for the football traditions and sports-loving culture of West Bengal. May the East Bengal Mashal forever illuminate the Maidan!",280,1289600050465656833,2020-08-01 16:33:06,Twitter for iPhone,35810,4445,1
44,The New Education Policy celebrates both local and global. Here is how... https://t.co/gCwvJ1k4dm,97,1289597462378930176,2020-08-01 16:22:49,Twitter Media Studio,39483,6605,1
45,"Focus on multi-disciplinary aspects, flexibility and more...some salient features of the National Education Policy, 2020. https://t.co/yX1yaLMQ3k",145,1289597344300883969,2020-08-01 16:22:21,Twitter Media Studio,21102,3748,1
46,"The National Education Policy will make our education:

More fruitful.
 
Broad-based.
 
One that guides our youth to their natural passions. https://t.co/Duc3fZi7WK",164,1289597022631333888,2020-08-01 16:21:04,Twitter Media Studio,17495,3278,1
47,"The National Education Policy, 2020 reflects India’s aspirations and will contribute to improving the education sector. https://t.co/WKiR3yiNr1",143,1289596140363689984,2020-08-01 16:17:34,Twitter Media Studio,28216,4988,0
48,"The Smart India Hackathon offered yet another glimpse of India’s talented Yuva Shakti. It is these youngsters who will take India to newer heights. Happy to have heard their ideas on a wide range of subjects including agriculture, water conservation, IT and more.",263,1289595826432614400,2020-08-01 16:16:19,Twitter for iPhone,43432,5428,1
49,"Amar Singh Ji  was an energetic public figure. In the last few decades, he witnessed some of the major political developments from close quarters. He was known for his friendships across many spheres of life. Saddened by his demise. Condolences to his friends &amp; family. Om Shanti.",284,1289539904809119746,2020-08-01 12:34:06,Twitter for iPhone,63711,7033,1
50,Interacting with our bright young minds at the Smart India Hackathon. https://t.co/QTx5haooWN,93,1289530779366600705,2020-08-01 11:57:50,Periscope,32987,6158,1
51,"India bows to Lokmanya Tilak on his 100th Punya Tithi. 

His intellect, courage, sense of justice and idea of Swaraj continue to inspire. 

Here are some facets of Lokmanya Tilak’s life... https://t.co/9RzKkKxkpP",212,1289399888065605632,2020-08-01 03:17:43,Twitter Media Studio,59010,11355,0
52,"Eid Mubarak!

Greetings on Eid al-Adha. May this day inspire us to create a just, harmonious and inclusive society. May the spirit of brotherhood and compassion be furthered.",174,1289398232510894081,2020-08-01 03:11:09,Twitter for iPhone,164658,15586,0
53,"The Smart India Hackathon has emerged as a vibrant forum to ideate and innovate. Naturally, this time our youth would be focussing on the post-COVID world in their innovations, along with ways to create an Aatmanirbhar Bharat. 

https://t.co/4c8zXNx7mT",252,1289191469710942211,2020-07-31 13:29:33,Twitter Web App,19494,3220,1
54,"Young India is filled with talent! The grand finale of the Smart India Hackathon 2020 showcases this very spirit of innovation and excellence. On 1st August at 4:30 PM, looking forward to interacting with the finalists of the Hackathon and knowing more about their works.",271,1289191161341460481,2020-07-31 13:28:19,Twitter Web App,65702,8457,1
55,Padma Shri Ren Sonam Tshering Lepcha Ji was a a multi-faceted personality. He made outstanding efforts to popularise the great Lepcha culture. His works are respected across generations. Anguished by his demise. Condolences to his family and admirers. Om Shanti.,262,1288785628549672960,2020-07-30 10:36:52,Twitter Web App,58377,6510,1
56,Inaugurating the Supreme Court Building of Mauritius with PM @PKJugnauth. https://t.co/YhxXSsmoOg,97,1288727796764667905,2020-07-30 06:47:04,Periscope,36532,6394,0
57,"Another example of India-Mauritius friendship. 

At 12 noon on 30th July,  @MauritiusPM @PKJugnauth and I would jointly inaugurate, via video conferencing, the new Supreme Court Building of Mauritius. India is honoured to have assisted in this key project. https://t.co/kzHQLj7h9e",280,1288526836884881408,2020-07-29 17:28:32,Twitter for iPhone,36652,4935,1
58,"Had an extensive interaction with stakeholders from banks and NBFCs to deliberate on the roadmap for economic growth, helping entrepreneurs and a range of other aspects. https://t.co/0yX7gWfG07",193,1288526312353574912,2020-07-29 17:26:27,Twitter for iPhone,42410,5523,1
59,"Framing of NEP 2020 will be remembered as a shining example of participative governance. I thank all those who have worked hard in the formulation of the NEP 2020. 

May education brighten our nation and lead it to prosperity.",226,1288467887418531843,2020-07-29 13:34:17,Twitter Web App,23090,4464,-1
60,"Aspects such as widening the availability of scholarships, strengthening infrastructure for Open and Distance Learning, Online Education and increasing the usage of technology have received great attention in the NEP. These are vital reforms for the education sector.",267,1288467885665337346,2020-07-29 13:34:17,Twitter Web App,21324,3891,1
61,"Respecting the spirit ‘Ek Bharat Shreshtha Bharat’, the NEP 2020 includes systems to promote Indian languages, including Sanskrit. Many foreign languages will also be offered at the secondary level. 

Indian Sign Language (ISL) will be standardised across the country.",268,1288467883786416136,2020-07-29 13:34:16,Twitter Web App,15662,3737,1
62,"UG education would also include multiple entry and exit points with appropriate certification. An Academic Bank of Credit will be set up to enable digital storage of credits earned from different HEIs, which can also be transferred and counted as a part of the final degree.",274,1288467881886244867,2020-07-29 13:34:16,Twitter Web App,10113,2350,1
63,"Thanks to NEP 2020, the Indian Higher Education sector will have a holistic and multi-disciplinary approach. UG education will offer flexible curricula, creative combinations of subjects, integration of vocational education.",224,1288467880153985024,2020-07-29 13:34:15,Twitter Web App,9803,2283,1
64,NEP 2020 has provisions to set up a Gender Inclusion Fund and also Special Education Zones. These will specially focus on making education more inclusive. NEP 2020 would improve the education infrastructure and opportunities for persons with disabilities.,255,1288466542691196932,2020-07-29 13:28:56,Twitter Web App,8246,2002,1
65,Replacing 10+2 structure of school curricula with a 5+3+3+4 curricular structure will benefit the younger children. It will also be in tune with global best practices for development of mental faculties of a child. There are reforms in school curricula and pedagogy too.,270,1288466540824690694,2020-07-29 13:28:56,Twitter Web App,16724,3879,1
66,"NEP 2020 gives utmost importance towards ensuring universal access to school education. There is emphasis on aspects such as better infrastructure, innovative education centres to bring back dropouts into the mainstream, facilitating multiple pathways to learning among others.",277,1288466538916229122,2020-07-29 13:28:56,Twitter Web App,7945,1895,1
67,"NEP 2020 is based on the pillars of:

Access.

Equity.

Quality. 

Affordability.

Accountability.

In this era of knowledge, where learning, research and innovation are important, the NEP will transform India into a vibrant knowledge hub.",239,1288465843529986050,2020-07-29 13:26:10,Twitter Web App,11962,3189,1
68,"I wholeheartedly welcome the approval of the National Education Policy 2020! This was a long due and much awaited reform in the education sector, which will transform millions of lives in the times to come! #NewEducationPolicy

https://t.co/N3PXpeuesG",251,1288465841713844225,2020-07-29 13:26:09,Twitter Web App,75046,15203,1
69,"राष्ट्ररक्षासमं पुण्यं,

राष्ट्ररक्षासमं व्रतम्,

राष्ट्ररक्षासमं यज्ञो,

दृष्टो नैव च नैव च।।

नभः स्पृशं दीप्तम्...
स्वागतम्! #RafaleInIndia https://t.co/lSrNoJYqZO",166,1288425006209228800,2020-07-29 10:43:53,Twitter Media Studio,252857,58710,0
70,Launching high-throughput COVID-19 testing facilities. https://t.co/vYSPLHebcD,78,1287715746194235394,2020-07-27 11:45:33,Periscope,48881,8423,1
71,Best wishes to Maharashtra CM Shri Uddhav Thackeray Ji on his birthday. I pray for Uddhav Ji’s long and healthy life. @OfficeofUT,129,1287600310689525760,2020-07-27 04:06:51,Twitter for iPhone,94202,6598,1
72,"Greetings to all @crpfindia personnel on the 82nd Raising Day of this outstanding Force. CRPF is at the forefront of keeping our nation safe. The courage and professionalism of this force are widely admired. 

May the CRPF achieve even greater heights in the coming years.",272,1287599798875389952,2020-07-27 04:04:49,Twitter for iPhone,44586,5771,1
73,"At 4:30 PM on Monday, 27th July, high-throughput COVID-19 testing facilities will be launched. 

These high-throughput testing facilities being set up in Noida, Mumbai and Kolkata will help in further ramping up our testing capacity. 

https://t.co/nvxM0MToua",259,1287360474476982273,2020-07-26 12:13:49,Twitter for iPhone,34767,5813,1
74,"Youngsters like Kaniga and her sister personify the spirit of New India, where success is not merely determined by the family one is born in, the school/ college one studied, the big city one lives in. 

Hardwork and perseverance gives results. India is changing. #MannKiBaat https://t.co/orEEFzPdfA",299,1287328311748616192,2020-07-26 10:06:01,Twitter Media Studio,23094,4334,1
75,"Mathematics, his mischievous brother and writing make Usman happy.

All mathematics lovers like Usman should consider Vedic Maths classes…I am sure it would be a great learning experience. #MannKiBaat https://t.co/JOY9bfPaXm",224,1287327317333688325,2020-07-26 10:02:04,Twitter Media Studio,31503,5087,1
76,"Vinayak’s secret to success is hardwork and proper time management. 

He is also a very lucky person because he is not on social media yet. :) #MannKiBaat https://t.co/hseiHiULQy",178,1287326799127404544,2020-07-26 10:00:00,Twitter Media Studio,15257,2883,1
77,"Meet Kritika from Haryana…

She aspires to become a doctor. Apart from studies, she enjoys basketball.

She is also very proud of her Mother. #MannKiBaat https://t.co/yhBNeQkfor",177,1287326563373944834,2020-07-26 09:59:04,Twitter Media Studio,15429,2937,1
78,"A special oath-taking in Suriname, thousands of miles away from India…

India congratulates President Chan Santokhi and wishes him the very best for his Presidential term. We are very proud of the long-standing and deep-rooted cultural linkages with Suriname. #MannKiBaat https://t.co/t6PS7iKC5o",295,1287326220871282688,2020-07-26 09:57:43,Twitter Media Studio,12885,2771,1
79,"India will always remember how our rural areas have shown remarkable fighting spirit in the battle against COVID-19.

Here are some efforts from Jammu and Kashmir that are outstanding. #MannKiBaat https://t.co/ocr1tMvrRc",220,1287325585971146754,2020-07-26 09:55:11,Twitter Media Studio,12757,2564,1
80,"Madhubani art themed masks.

Bamboo products from the Northeast. 

Lemongrass farming in Jharkhand.

Fruit cultivation in Kutch and Ladakh.

India is full of exceptional people doing exceptional things. #MannKiBaat https://t.co/EQIi6H9L1j",238,1287325381012332545,2020-07-26 09:54:22,Twitter Media Studio,11096,2575,1
81,"There is no question of complacency or carelessness when it comes to the COVID-19 global pandemic. 

Wear your mask.

Follow social distancing.

Remember ‘Do Gaj Ki Doori.’ #MannKiBaat https://t.co/7hOBVJOdAL",208,1287324915272564736,2020-07-26 09:52:31,Twitter Media Studio,11862,2504,1
82,"Years ago, Mahatma Gandhi gave us a Talisman.

In 1999 after Kargil, beloved Atal Ji gave us a Mantra which is extremely relevant today. #MannKiBaat https://t.co/vInbxQBT7C",172,1287324492008628224,2020-07-26 09:50:50,Twitter Media Studio,15155,3044,1
83,"We saw in Kargil that while India always stands for harmony, we had also given a befitting reply to those who vitiated the spirit of peace.

I thank all those who have highlighted #CourageInKargil…the valour of our forces which makes us proud. #MannKiBaat https://t.co/rYRh54mnRa",279,1287323987362504704,2020-07-26 09:48:50,Twitter Media Studio,19369,3657,1
84,"Today, as we mark #6YearsofMyGov, I appreciate all those across India who have enriched @mygovindia by their active participation. 

MyGov has emerged as a noteworthy forum that celebrates participative governance. 

Do keep contributing! https://t.co/Ef3Ai8LLra",262,1287275873171722240,2020-07-26 06:37:39,Twitter Web App,22330,4019,-1
85,Tune in to this month’s #MannKiBaat. https://t.co/0PPisEWaHG,60,1287258927533395969,2020-07-26 05:30:19,Periscope,25683,5756,0
86,India remains eternally grateful to our soldiers for their bravery. #CourageInKargil https://t.co/BCyl5ZMvzx,108,1287250977335078912,2020-07-26 04:58:43,Twitter for iPhone,51960,8657,0
87,"On Kargil Vijay Diwas, we remember the courage and determination of our armed forces, who steadfastly protected our nation in 1999. Their valour continues to inspire generations. 

Will speak more about this during today’s #MannKiBaat, which begins shortly. #CourageInKargil",274,1287246658669932546,2020-07-26 04:41:33,Twitter for iPhone,120639,18184,1
88,"Do tune in tomorrow, 26th July, at 11 AM. #MannKiBaat. https://t.co/Px52Xrm2bY",78,1287060786695696384,2020-07-25 16:22:58,Twitter for iPhone,53407,7473,0
89,"Reviewed progress of the PM-SVANidhi Scheme, which will have a transformative impact on the lives of street vendors. https://t.co/bQbJ2GfVVt",140,1287055369819185153,2020-07-25 16:01:27,Twitter for iPhone,21601,3492,0
90,Birthday greetings to my Cabinet colleague @HarsimratBadal_ Ji. Her efforts to strengthen the vital food processing sector are admirable. She is also passionate about the progress of our hardworking farmers. I pray for her long and healthy life.,245,1286864596448370694,2020-07-25 03:23:23,Twitter for iPhone,58156,5197,1
91,"Met @BJP4Gujarat President Shri @CRPaatil Ji. Hailing from a humble background, he rose the ranks in the Party and distinguished himself as an outstanding Karyakarta. His work as MP has also been appreciated. Am sure under his leadership the Gujarat BJP will scale newer heights. https://t.co/bzCoTZL6ZP",303,1286344650299768834,2020-07-23 16:57:18,Twitter for iPhone,63081,6581,1
92,We are leaving no stone unturned to make the Northeast our growth engine. https://t.co/Dk5qpsQ8gq,97,1286304197357404163,2020-07-23 14:16:33,Twitter Media Studio,59974,8017,0
93,Furthering peace and prosperity through connectivity. https://t.co/PNPtP5v90L,77,1286304099219070976,2020-07-23 14:16:10,Twitter Media Studio,23688,3866,0
94,"‘Ease of Living’ is the right of every citizen.

That is why, furthering it has been the priority of our Government for the last six years. https://t.co/n7Oen1Obgo",163,1286304042671472641,2020-07-23 14:15:56,Twitter Media Studio,20699,3608,1
95,"Today is a special day for the Nari Shakti of Manipur. 

Here is why… https://t.co/NcTbobiynU",93,1286303970093219844,2020-07-23 14:15:39,Twitter Media Studio,24961,3950,1
96,Laying the foundation stone of Manipur Water Supply Project. https://t.co/ndTe5zvhe9,84,1286170623534723072,2020-07-23 05:25:47,Periscope,33175,5490,0
97,भारत मां के दो वीर सपूत लोकमान्य बाल गंगाधर तिलक और चंद्रशेखर आजाद को उनकी जन्म-जयंती पर शत-शत नमन।,99,1286129436329295872,2020-07-23 02:42:07,Twitter for iPhone,220063,27738,0
98,"India and USA are natural partners. 

The US-India friendship has scaled many heights in the past. 
 
Now it is time our partnership plays an important role in helping the world bounce back faster after the pandemic! https://t.co/POqDjQcbGi",240,1285984600821338112,2020-07-22 17:06:35,Twitter Media Studio,33823,5896,1
99,NOW is the best time to invest in India. https://t.co/RHe0F8U5Ut,64,1285984425969192960,2020-07-22 17:05:54,Twitter Media Studio,75271,12055,1
100,"There is global optimism towards India because of:

India’s culture of openness. 

The many opportunities and options to invest. 

India awaits you! https://t.co/LwS9hK2TSA",172,1285984322449600512,2020-07-22 17:05:29,Twitter Media Studio,19472,3776,1
101,Global economic resilience will be shaped by stronger domestic economic capacities. India is doing so by working towards an Aatmanirbhar Bharat. https://t.co/ZZ1GFcy9E9,168,1285984205298515968,2020-07-22 17:05:01,Twitter Media Studio,25146,4283,1
102,Addressing the #IndiaIdeasSummit organised by @USIBC. https://t.co/3VHFdUzmGq,77,1285960467660156928,2020-07-22 15:30:42,Periscope,25667,5391,0
103,"At 10:30 AM tomorrow, will join, via video conferencing, the programme to lay the foundation stone for the Manipur Water Supply Project. This project will boost our mission of 'Har Ghar Jal’ and greatly benefit the people of Manipur. 

https://t.co/akLpCzaaMJ",259,1285936196808404993,2020-07-22 13:54:15,Twitter Web App,27676,4318,1
104,"Urged MPs to keep themselves updated with latest policy issues. Also emphasised on being effective on the floor of the House as well as in the field, among people. 

Reiterated the need for constant people connect and embracing latest technology as well as social media.",270,1285915343060271104,2020-07-22 12:31:23,Twitter Web App,14071,2348,1
105,Had an excellent interaction with the newly elected @BJP4India Rajya Sabha MPs. It was wonderful to hear their views and passion towards public service. This is a group of MPs who are diverse and will certainly make effective contributions to Parliamentary proceedings. https://t.co/IEEAUUrxHp,293,1285915339453165569,2020-07-22 12:31:22,Twitter Web App,39631,4971,1
106,Congratulations to our nuclear scientists for achieving criticality of Kakrapar Atomic Power Plant-3! This indigenously designed 700 MWe KAPP-3 reactor is a shining example of Make in India. And a trailblazer for many such future achievements!,243,1285798189405138946,2020-07-22 04:45:51,Twitter for iPhone,160803,23749,1
107,"Looking forward to addressing the #IndiaIdeasSummit, organised by @USIBC today at 9 PM. Will be sharing my views on ‘Building a Better Future.’ Do watch. https://t.co/70XBBZRghL",177,1285782555191435265,2020-07-22 03:43:44,Twitter for iPhone,38481,5754,1
108,"Shri Lalji Tandon was well-versed with constitutional matters. He enjoyed a long and close association with beloved Atal Ji. 

In this hour of grief, my condolences to the family and well-wishers of Shri Tandon. Om Shanti.",222,1285402672338616320,2020-07-21 02:34:13,Twitter for iPhone,32552,3602,1
109,"Shri Lalji Tandon will be remembered for his untiring efforts to serve society. He played a key role in strengthening the BJP in Uttar Pradesh. He made a mark as an effective administrator, always giving importance of public welfare. Anguished by his passing away. https://t.co/6GeYOb5ApI",288,1285402668182040576,2020-07-21 02:34:12,Twitter for iPhone,87580,9257,1
110,"Highlighted reasons that make India an attractive investment destination. 

Was happy to know more about @IBM’s efforts in furthering AI among students. I also thank @ArvindKrishna for his encouraging words on efforts like Ayushman Bharat &amp; India’s journey to become Aatmanirbhar.",284,1285215656749568001,2020-07-20 14:11:05,Twitter Web App,22523,3443,1
111,"Had an extensive interaction with CEO of @IBM, Mr. @ArvindKrishna. We discussed several subjects relating to technology, data security, emerging trends in healthcare and education. https://t.co/w9or8NWWbD https://t.co/fCqFbmrzJx",228,1285215654644076544,2020-07-20 14:11:04,Twitter Web App,67225,8533,0
112,"RT @sarbanandsonwal: Hon'ble PM Shri @narendramodi ji took stock of the contemporary situation regarding #AssamFloods2020, #COVID19 and Bag…",140,1284740081991860224,2020-07-19 06:41:19,Twitter for iPhone,0,2497,1
113,"We mourn the loss of US Congressman John Lewis, a champion of civil rights, non-violence and Gandhian values. His legacy will continue to endure and inspire.",157,1284737590256533504,2020-07-19 06:31:25,Twitter for iPhone,91814,8467,0
114,"In the passing away of Professor C. S. Seshadri, we have lost an intellectual stalwart who did outstanding work in mathematics. His efforts, especially in algebraic geometry, will be remembered for generations. Condolences to his family and admirers. Om Shanti.",261,1284443733778288640,2020-07-18 11:03:44,Twitter for iPhone,71507,7903,1
115,Speaking at the High-Level Segment of ECOSOC. https://t.co/BYh60MU7Ku,69,1284140893637718017,2020-07-17 15:00:21,Periscope,53053,9860,1
116,"At 8:30 this evening, I would be addressing the High-Level Segment of ECOSOC. Would be speaking on various issues including this year’s theme of multilateralism after COVID-19, at a time when we mark 75 years of the @UN. 

https://t.co/oOOszU1LOb",246,1284021198444089350,2020-07-17 07:04:44,Twitter Web App,56163,7340,1
117,"The Tirukkural is extremely inspiring. It is a treasure of rich thoughts, noble ideals and great motivation. 

The words of respected Thiruvalluvar have the power to spread hope and brightness. 

I hope more youngsters across India read it! https://t.co/Fxi8ROkp0t",264,1283713012587655168,2020-07-16 10:40:07,Twitter Web App,39962,6990,1
118,"தெய்வப்புலவர் திருவள்ளுவரின் எழுத்துக்கள், நம்பிக்கையும் ஒளியும் பரப்பிடும் வல்லமை வாய்ந்தவை. இந்தியா முழுதிலுமுள்ள  இளைஞர்கள் பலரும் திருக்குறளைப் படித்துப் பயனுருவர் என நம்புகிறேன்.",183,1283712370003439616,2020-07-16 10:37:33,Twitter Web App,17392,3397,0
119,"திருக்குறள் அதி அற்புதமான ஊக்குவிப்பு நூலாகும்.           உயரிய சிந்தனைகள், உன்னதக் குறிக்கோள்கள், ஊக்கம் தரும்  கருத்துக்களை உள்ளடக்கிய பொக்கிஷமாகும். https://t.co/TzNBrwrdoi",175,1283712367696547840,2020-07-16 10:37:33,Twitter Web App,35155,5694,0
120,"Acharya Shree Purushottampriyadasji Swamishree Maharaj was blessed with immense wisdom. His emphasis on community service, education and women empowerment will always be remembered. I will never forget my many interactions with him. Om Shanti.",243,1283616593038073857,2020-07-16 04:16:58,Twitter for iPhone,23888,3096,1
121,"We will always remember Acharya Shree Purushottampriyadasji Swamishree Maharaj for his noble service to society. He worked hard to alleviate human suffering and further compassion. He will be remembered by countless people, not only in India but globally.",255,1283616590634692609,2020-07-16 04:16:58,Twitter for iPhone,54116,6081,1
122,"For those who aren’t happy with their CBSE Class X and XII results, I want to tell them- one exam doesn’t define who you are. Each of you is blessed with numerous talents. Live life to the fullest. Never lose hope, always look ahead. You will do wonders!",254,1283404680878387202,2020-07-15 14:14:55,Twitter for iPhone,233606,30359,1
123,Congratulations to all my young friends who have successfully passed their Class X and XII CBSE examinations. Wishing them the very best for their future endeavours.,165,1283404369702969345,2020-07-15 14:13:40,Twitter for iPhone,104665,9488,1
124,"The future belongs to technology. 

It is important to work together to further the usage of latest technology for the benefit of our people. https://t.co/3VoDqvYCO6",165,1283404234264735744,2020-07-15 14:13:08,Twitter for iPhone,26797,3962,1
125,"Today’s India-EU Summit was an extremely fruitful one. @eucopresident @CharlesMichel, @EU_Commission President @vonderleyen and I interacted on a variety of subjects including the COVID-19 situation, multilateralism, environment, trade, investment, digital economy and more.",274,1283404147199340544,2020-07-15 14:12:47,Twitter for iPhone,20536,3042,1
126,"Anguished by the passing away of Shri Jagdeoram Oran Ji, President of the Vanvasi Kalyan Ashram. His was a life devoted to serving the tribal communities. He was known for his kind and hardworking nature. Om Shanti.",215,1283404027087081472,2020-07-15 14:12:19,Twitter for iPhone,32378,4133,1
127,Addressing the India-EU Summit. https://t.co/7rdTwnafaM,55,1283357470346231811,2020-07-15 11:07:19,Periscope,25098,4805,0
128,The world needs skilled hands and we in India have the talent-force to cater to these global needs. #5YearsofSkillIndia https://t.co/V94f48UqU6,143,1283322677793484802,2020-07-15 08:49:04,Twitter Media Studio,28753,4752,1
129,"Knowledge and skill are two different things.

Do you know who taught me the difference well? It was a mechanic in a remote, tribal-dominated area where I had gone years ago. #5YearsofSkillIndia https://t.co/RZraXPGSNJ",218,1283322612282617859,2020-07-15 08:48:48,Twitter Media Studio,19241,3715,-1
130,"Skill is timeless. 

Skill is unique.

Skill is a treasure that nobody can take away.

Skill is self-reliance, it not only makes one employable but also self-employable. #5YearsofSkillIndia https://t.co/1DxjvNsEfr",213,1283322436339941376,2020-07-15 08:48:06,Twitter Media Studio,21066,3864,1
131,"Today’s buzzwords:

Skill.

Re-skill.

Upskill.

#5YearsofSkillIndia https://t.co/WQCqaBbYCS",92,1283322354748100608,2020-07-15 08:47:47,Twitter Media Studio,25347,4379,0
132,"बाबा केदार के दर्शन मात्र से करोड़ों श्रद्धालुओं को अपूर्व ऊर्जा मिलती है। यात्रियों को गौरीकुंड-केदारनाथ मार्ग पर सभी सुविधाएं मिलें, टेक्नोलॉजी के द्वारा तीर्थ के ऐतिहासिक और सांस्कृतिक महत्त्व को दिखाया जाए, ऐसी व्यवस्थाएं विकसित हों, इनको लेकर भी विस्तृत समीक्षा की गई।",273,1283310818658881538,2020-07-15 08:01:56,Twitter Web App,25960,3808,0
133,"केदारनाथ मंदिर और जगद्गुरु आदि शंकराचार्य जी के समाधि स्थल की दिव्यता बढ़े, स्वच्छता को केंद्र में रखकर और व्यापक विकास हो, इन पर भी बात हुई। मुझे विश्वास है कि बाबा के आशीर्वाद से केदारनाथ धाम के अलौकिक स्वरूप में और भी वृद्धि होगी।",233,1283310817132163073,2020-07-15 08:01:56,Twitter Web App,27725,3973,0
134,पवित्र सावन मास में आज केदारनाथ धाम में हो रहे विकास कार्यों और धाम की दिव्यता को और बढ़ाने के लिए चल रहे प्रयासों की समीक्षा करने का सौभाग्य प्राप्त हुआ। https://t.co/mrGyz2LEHw,178,1283310815131525120,2020-07-15 08:01:55,Twitter Web App,60845,7825,0
135,Addressing a conclave on World Youth Skills Day. https://t.co/2KMIQg0kUy,72,1283275111194259456,2020-07-15 05:40:03,Periscope,28463,5735,0
136,"Today on World Youth Skills Day, will be addressing, via video link, a conclave being organized by the Ministry of Skill Development and Entrepreneurship at 11 AM. This conclave also marks five years of the Skill India Mission.",227,1283251179544178688,2020-07-15 04:04:57,Twitter for iPhone,59454,7046,0
137,Will take part in the India-EU Summit at 4:30 PM today. I am confident this Summit will further strengthen our economic as well as cultural linkages with Europe.,161,1283250768531709952,2020-07-15 04:03:19,Twitter for iPhone,38389,4726,1
138,Greetings to my Cabinet colleague @DrRPNishank Ji on his birthday. He is making numerous efforts to transform our education sector. Praying for his long and healthy life.,170,1283250601879465989,2020-07-15 04:02:39,Twitter for iPhone,41791,3775,1
139,"Felicitations to my dear friend @EmmanuelMacron and the friendly people of France on the occasion of Bastille Day! We are committed to further strengthening India's important strategic partnership with France, and expanding our cooperation.",240,1283046176632320002,2020-07-14 14:30:21,Twitter for iPhone,63554,7109,1
140,"Best wishes to the Chief Minister of Mizoram, Mr. @ZoramthangaCM on his birthday. One of the senior most and respected leaders in our polity, he has worked extensively for the welfare of Mizoram. May Almighty bless him with a long and healthy life in service of the people.",273,1282608503010373632,2020-07-13 09:31:11,Twitter for iPhone,51515,5016,1
141,"I was delighted to know more about the efforts of @Google in several sectors, be it in education, learning, @_DigitalIndia, furthering digital payments and more. @sundarpichai",175,1282582193496186880,2020-07-13 07:46:38,Twitter Web App,34837,4316,1
142,"During our interaction, @sundarpichai and I spoke about the new work culture that is emerging in the times of COVID-19. We discussed the challenges the global pandemic has brought to areas such as sports. We also talked about the importance of data security and cyber safety.",275,1282582191910744065,2020-07-13 07:46:38,Twitter Web App,38573,4825,1
143,"This morning, had an extremely fruitful interaction with @sundarpichai. We spoke on a wide range of subjects, particularly leveraging the power of technology to transform the lives of India’s farmers, youngsters and entrepreneurs. https://t.co/IS9W24zZxs",254,1282582190061047808,2020-07-13 07:46:37,Twitter Web App,145888,17683,-1
144,શ્રી નગીનદાસ સંઘવી પ્રબુદ્ધ લેખક-વિચારક હતા. એમના લેખો અને પુસ્તકોમાં ઇતિહાસ અને તત્વજ્ઞાનની સમજ અને રાજકીય ઘટનાઓનું પૃથક્કરણ કરવાની અસાધારણ શક્તિનો પરિચય થાય છે. એમના અવસાનથી દુ:ખની લાગણી અનુભવું છું. શોકગ્રસ્ત પરિવાર અને એમના વિશાળ વાચકવર્ગને સાંત્વના...ઓમ શાંતિ !!,267,1282316751250890759,2020-07-12 14:11:52,Twitter for iPhone,45668,4829,0
145,Also discussed ways to further step-up our capacities to prevent the spread of COVID-19. We also highlighted successful initiatives being undertaken across India to ensure the Coronavirus is kept under check.,208,1281919314224799744,2020-07-11 11:52:36,Twitter Web App,23261,3297,1
146,Had an extensive meeting to review the COVID-19 situation across the nation. Took stock of the ongoing efforts to contain the infection. Priority is close monitoring and guiding the containment works in regions where the infection rate is high. https://t.co/iOLuK2IJF6,268,1281919311896928256,2020-07-11 11:52:35,Twitter Web App,46576,6219,1
147,Congratulations to Prime Minister @leehsienloong for success in the General Elections! Best wishes to the people of Singapore for a peaceful and prosperous future.,163,1281862889591025665,2020-07-11 08:08:23,Twitter for iPhone,79141,7324,1
148,"There are multiple ways to give inputs for #MannKiBaat.

Record a message by dialling 1800-11-7800.

Share your inputs on the specially created Open Forum on the NaMo App.

Pen your views on MyGov. https://t.co/9N6nGRFjE3 https://t.co/Hdysehn1CN",245,1281800970360328192,2020-07-11 04:02:20,Twitter for iPhone,19341,3599,1
149,"I am sure you would be aware of inspiring anecdotes of how collective efforts have brought about positive changes. 

You would surely know of initiatives that have transformed many lives. 

Please share them for this month’s #MannKiBaat, which will take place on the 26th!",272,1281800944733188096,2020-07-11 04:02:14,Twitter for iPhone,48553,6402,1
150,Saddened by the loss of lives due to heavy rains as well as landslides in Arunachal Pradesh. My thoughts are with the bereaved families. May the injured recover quickly. All possible assistance is being provided to those affected.,230,1281620540650688513,2020-07-10 16:05:22,Twitter for iPhone,77144,8570,1
151,"Glimpses from the solar power project that was inaugurated in Rewa, Madhya Pradesh, this morning. https://t.co/uZOZ0YXxAQ",121,1281505098980397057,2020-07-10 08:26:39,Twitter Web App,175861,26350,0
152,"आत्मनिर्भरता सही मायने में तभी संभव है, जब हमारे भीतर आत्मविश्वास हो।

आत्मविश्वास तभी आता है, जब पूरा देश, पूरा सिस्टम हर देशवासी का साथ दे।

कोरोना संकट से पैदा हुई स्थितियों के बीच भारत यही काम कर रहा है, सरकार यही आत्मविश्वास जगाने में जुटी है। https://t.co/eI2fIWABOw",272,1281504463732174848,2020-07-10 08:24:08,Twitter Media Studio,25836,4638,0
153,"सोलर पावर की ताकत का हम तब तक पूरी तरह से उपयोग नहीं कर पाएंगे, जब तक हमारे पास देश में ही बेहतर सोलर पैनल, बैटरी, उत्तम क्वालिटी की स्टोरेज कैपेसिटी ना हो।

आत्मनिर्भर भारत अभियान के तहत अब देश का लक्ष्य है कि सोलर पैनल्स सहित तमाम उपकरणों के लिए आयात पर निर्भरता खत्म करें। https://t.co/2mbRYhCBzG",299,1281504367586107393,2020-07-10 08:23:45,Twitter Media Studio,19729,3847,0
154,"जब हम renewable energy के बड़े projects लॉन्च कर रहे हैं, तब हम ये भी सुनिश्चित कर
रहे हैं कि साफ-सुथरी ऊर्जा के प्रति हमारा संकल्प जीवन के हर पहलू में दिखे। 

हम कोशिश कर रहे हैं कि इसका लाभ देश के हर कोने, समाज के हर वर्ग, हर नागरिक तक
पहुंचे।

जानिए इसका एक उदाहरण... https://t.co/bLdHpZSQPm",294,1281504263504449536,2020-07-10 08:23:20,Twitter Media Studio,15110,3034,0
155,"Solar energy- pure, sure and secure. https://t.co/jJtFQzKzPg",60,1281504200241762306,2020-07-10 08:23:05,Twitter Media Studio,29428,4641,1
156,"Rewa, associated with Maa Narmada and the White Tiger will also be known as the land with a state-of-the-art solar power project.

This solar project will help the people of MP, power the Metro in Delhi and contribute to a cleaner environment. https://t.co/V6Nqz7Vire",267,1281504118448590848,2020-07-10 08:22:45,Twitter Media Studio,18279,3297,0
157,"Inaugurating a Solar Project in Rewa, Madhya Pradesh. https://t.co/QXLmVlV5nb",77,1281465680437501953,2020-07-10 05:50:01,Periscope,35112,6052,0
158,Birthday wishes to Shri @rajnathsingh Ji. Rajnath Ji’s wisdom is greatly beneficial to the Government. He is at the forefront of efforts to build a strong and secure India. He has always worked for the welfare of the poor and our hardworking farmers. Praying for his long life.,277,1281431101844537344,2020-07-10 03:32:37,Twitter for iPhone,80331,8175,1
159,"At 11 AM tomorrow, I would be inaugurating a 750 MW Solar Project in Rewa, Madhya Pradesh via video conferencing. This project adds momentum to our commitment of increasing renewable energy capacities by 2022. https://t.co/sKDdEnSQXc",233,1281225313180098562,2020-07-09 13:54:53,Twitter Web App,56684,7971,0
160,"India awaits you.

There are infinite opportunities in a wide range of sectors. https://t.co/AyAe9E7LFQ",103,1281186129035669505,2020-07-09 11:19:11,Twitter Media Studio,47698,7595,-1
161,"India is seeing clear green shoots when it comes to economic recovery.

The economy is being made:

More productive.

More investment friendly. 

More competitive. https://t.co/4A0FVNMtJx",187,1281185951696384000,2020-07-09 11:18:28,Twitter Media Studio,18306,3454,1
162,"The story of global revival will see India play a leading role. 

India is fighting a spirited battle against the virus.

The focus is on improving people’s health as well as the health of the economy. https://t.co/nGsTMOsem3",225,1281185797127856129,2020-07-09 11:17:51,Twitter Media Studio,21769,4082,1
163,"हम सभी के प्रयासों से हमारी काशी भारत के एक बड़े एक्सपोर्ट हब के रूप में विकसित होगी। 

काशी को हम आत्मनिर्भर भारत अभियान की प्रेरक स्थली के रूप में भी स्थापित करेंगे। https://t.co/LIhUmBgXDU",191,1281145556799156224,2020-07-09 08:37:57,Twitter Media Studio,27204,4694,0
164,"सेवा करने वाला सेवा का फल नहीं मांगता, दिन-रात निःस्वार्थ भाव से सेवा करता है।

दूसरों की निःस्वार्थ सेवा के हमारे यही संस्कार हैं, जो इस मुश्किल समय में देशवासियों के काम आ रहे हैं। https://t.co/2JV22ao4D7",206,1281145477535162368,2020-07-09 08:37:39,Twitter Media Studio,36268,5797,0
165,"उत्तर प्रदेश ने न सिर्फ संक्रमण की गति को काबू में किया हुआ है, बल्कि जिन्हें कोरोना हुआ है, वे भी तेजी से ठीक हो रहे हैं।

इसकी बहुत बड़ी वजह आप सभी लोग हैं। आप जैसे सामाजिक, धार्मिक और परोपकारी संगठनों के सेवाभाव, संकल्प और संस्कार हैं, जिनसे इस कठिन समय में बहुत मदद मिली है। https://t.co/jT4MrkixY1",302,1281145169845219331,2020-07-09 08:36:25,Twitter Media Studio,18145,3356,0
166,"हमारी काशी में बाबा विश्वनाथ और मां अन्नपूर्णा दोनों विराजते हैं।

तमाम संगठनों के लिए, हम सभी के लिए यह बहुत सौभाग्य की बात है कि इस बार गरीबों की सेवा का माध्यम भगवान ने हमें बनाया।

एक तरह से आप सभी मां अन्नपूर्णा और बाबा विश्वनाथ के दूत बनकर हर जरूरतमंद तक पहुंचे। https://t.co/4RS13UvqPr",292,1281145015381585922,2020-07-09 08:35:48,Twitter Media Studio,22240,4252,0
167,Addressing India Global Week organised by @IndiaIncorp. #BeTheRevival #IGW2020 https://t.co/KXoENP49ZZ,102,1281138125486473216,2020-07-09 08:08:26,Periscope,17697,3795,0
168,Interacting with NGOs from Varanasi. https://t.co/1DrdmbvDiQ,60,1281100329241571328,2020-07-09 05:38:14,Periscope,24975,4417,0
169,"Will be addressing the India Global Week, organised by @IndiaIncorp at 1:30 PM tomorrow. This forum brings together global thought leaders and captains of industry, who will discuss aspects relating to opportunities in India as well as the global economic revival post-COVID.",275,1280854669720350722,2020-07-08 13:22:05,Twitter Web App,28661,4617,1
170,"कोविड महामारी के दौरान वाराणसी के नागरिकों और सामाजिक संगठनों से जुड़े लोगों ने पूरे समर्पण भाव से न केवल जरूरतमंदों की मदद की, बल्कि स्थानीय प्रशासन को भी हर प्रकार की सहायता दी। अपने संसदीय क्षेत्र के इन लोगों से कल सुबह 11 बजे होने वाले संवाद को लेकर बेहद उत्सुक हूं।",270,1280854423128829952,2020-07-08 13:21:06,Twitter Web App,74214,8617,0
171,An important step towards transforming the agriculture sector.  https://t.co/3IvemvZWn4,87,1280854287485005825,2020-07-08 13:20:33,Twitter Web App,29156,4240,1
172,कोरोना संकट काल में गरीबों की चिंताओं को दूर करने और उन्हें सशक्त बनाने के लिए आज कैबिनेट ने एक महत्वपूर्ण फैसले को मंजूरी दी। प्रधानंमत्री गरीब कल्याण अन्न योजना को नवंबर तक के लिए बढ़ा दिया गया है। इससे देश के 81 करोड़ लोग लाभान्वित होंगे। https://t.co/Fao7LqhXbw,265,1280854149077200896,2020-07-08 13:20:00,Twitter Web App,23033,4043,0
173,"घर का अर्थ सिर्फ ईंट और सीमेंट से चारदीवारी खड़ी कर देना नहीं है। 

यह वह जगह होती है, जहां हमारे सपने आकार लेते हैं और हमारी आंकाक्षाएं उड़ान भरती हैं। 
 
आज कैबिनेट के महत्वपूर्ण फैसले से कई लोगों की जिंदगी में सकारात्मक बदलाव आएगा। https://t.co/Uvn0DEOhzP",258,1280853876007006210,2020-07-08 13:18:55,Twitter Web App,30512,5534,0
174,"My friend President @jairbolsonaro, my prayers and best wishes for your speedy recovery.",88,1280720310921097216,2020-07-08 04:28:11,Twitter for iPhone,37391,3481,1
175,"Meu amigo Presidente @jairbolsonaro, minhas orações e melhores votos por sua rápida recuperação.",96,1280720308320624641,2020-07-08 04:28:10,Twitter for iPhone,61798,6318,0
176,"I bow to Dr. Syama Prasad Mookerjee on his Jayanti. A devout patriot, he made exemplary contributions towards India’s development. He made courageous efforts to further India’s unity. His thoughts and ideals give strength to millions across the nation.",252,1279951711788863488,2020-07-06 01:34:03,Twitter for iPhone,119601,15161,0
177,देशवासियों को गुरु पूर्णिमा की ढेरों शुभकामनाएं। जीवन को सार्थक बनाने वाले गुरुओं के प्रति सम्मान प्रकट करने का आज विशेष दिन है। इस अवसर पर सभी गुरुजनों को मेरा सादर नमन।,170,1279629424200048640,2020-07-05 04:13:23,Twitter for iPhone,190808,22185,0
178,Best wishes to my senior Cabinet colleague Shri @irvpaswan Ji. Paswan Ji’s administrative experience and insight on key policy issues are a major asset for our Government. His contribution towards social justice is immense. Praying for his long and healthy life.,262,1279617542474960896,2020-07-05 03:26:10,Twitter for iPhone,46284,4571,1
179,"भाजपा के प्रत्येक कार्यकर्ता को अपने साथ सात ‘स’ की शक्ति लेकर आगे बढ़ना चाहिए। 
ये हैं-
पहला- सेवाभाव, 
दूसरा- संतुलन, 
तीसरा- संयम, 
चौथा- समन्वय, 
पांचवां- सकारात्मकता, 
छठा- सद्भावना 
और सातवां- संवाद। https://t.co/NnelweAMV9",229,1279455038637658112,2020-07-04 16:40:26,Twitter Media Studio,32986,6084,0
180,"हम चाहे कार्यकर्ता की भूमिका में हों या सरकार में, वास्तव में हम देश की और गरीबों की सेवा का माध्यम ही हैं।

यह सरकार छह सालों से इसी विचार के साथ काम कर रही है और फैसले ले रही है। https://t.co/RvPG4vKdSt",204,1279454912791801856,2020-07-04 16:39:56,Twitter Media Studio,25100,4297,0
181,"कोरोना के इस संकट काल में समाज ने आपको स्नेह दिया है, विश्वास दिया है।

आप किसी गरीब की मदद कर सकें, इसके लिए समाज ने आपको साधन दिए हैं। 

यही वो स्नेह है, वो ऊर्जा है, जिसकी ताकत ने आपको थकने नहीं दिया। हमें इस ऊर्जा को और समाज की इस शक्ति को समझना चाहिए। https://t.co/hB3eCnkgX7",280,1279454843153731585,2020-07-04 16:39:40,Twitter Media Studio,19334,3516,0
182,"हमारे लिए हमारे संगठन का मतलब है- सेवा, सबका संग, सबका साथ, सबका सुख, सबकी समृद्धि।
 
हमारा संगठन समाज हित के लिए काम करने वाला है, संघर्ष करने वाला है, समाज और देश के लिए खप जाने वाला है।
 
हमारे लिए हमेशा ‘Nation First’ रहा है। https://t.co/Th2yGuef8v",253,1279454646600253441,2020-07-04 16:38:53,Twitter Media Studio,18905,3635,1
183,"हम लोगों ने राजनीति में सत्ता को सेवा का माध्यम माना, हमने कभी भी सत्ता को अपने लाभ का माध्यम नहीं बनाया।

निःस्वार्थ सेवा ही हमारा संकल्प और संस्कार रहा है। https://t.co/0OLvhZA2vy",181,1279454478886793224,2020-07-04 16:38:13,Twitter Media Studio,40090,6413,0
184,India is placing great importance to education in the agricultural sector that benefits the farmers. India is proud of its traditional agro knowledge and will complement it with latest technology to ensure a boost to the income of farmers.,239,1279412618671714304,2020-07-04 13:51:53,Twitter for iPhone,13388,2122,1
185,"Other aspects relating to ICAR which we discussed included research on  indigenous breeds of dogs and horses, mission mode approach for vaccination to cure Foot and Mouth disease, study of grasses and local fodder crops and ensuring easy access to farm equipment.",263,1279412616754954240,2020-07-04 13:51:52,Twitter for iPhone,12888,2058,1
186,"Emphasised on the need to spread awareness on including millets such as Jowar, Bajra and Ragi as a part of people’s diet. Also emphasised on ensuring extensive awareness programmes on water use efficiency and water conservation.",228,1279412614582288384,2020-07-04 13:51:52,Twitter for iPhone,1638,474,0
187,"India is working towards increased organic farming as well as farming on a cluster based approach. Efforts are also ongoing to encourage start-ups related to agriculture, especially ones that encourage usage of latest technology in the sector.",243,1279412612480958465,2020-07-04 13:51:51,Twitter for iPhone,1618,464,1
188,Commendable work has happened in developing varieties that cater to specific requirements of agro-climatic zones. Various varieties have also been developed that will further our endeavour of a nation free from the menace of malnutrition.,238,1279412609930780673,2020-07-04 13:51:51,Twitter for iPhone,1547,480,1
189,Reviewed extensively the progress of research in agriculture. Also reviewed aspects relating to education of agriculture during today’s meet. Ensuring farmer welfare is one of our key priorities. https://t.co/GpGJjRs1rv,219,1279412606785089536,2020-07-04 13:51:50,Twitter for iPhone,23265,3695,0
190,"I congratulate @POTUS @realDonaldTrump and the people of the USA on the 244th Independence Day of the USA. As the world's largest democracies, we cherish freedom and human enterprise that this day celebrates. 
@WhiteHouse",221,1279411490022322176,2020-07-04 13:47:24,Twitter for iPhone,173396,26999,0
191,Addressing ‘Seva Hi Sangathan’ interaction. https://t.co/Hf87X1BHfW,67,1279396576574664705,2020-07-04 12:48:08,Periscope,27675,5028,0
192,"This challenge is for you if you have such a working product or if you feel you have the vision and expertise to create such products. I urge all my friends in the tech community to participate. 

Sharing my thoughts in my @LinkedIn post. 

https://t.co/aO5cMYi4SH",264,1279353810897387520,2020-07-04 09:58:12,Twitter Web App,35400,6572,0
193,"Today there is immense enthusiasm among the tech &amp; start-up community to create world class Made in India Apps. To facilitate their ideas and products @GoI_MeitY and @AIMtoInnovate are launching the Aatmanirbhar Bharat App Innovation Challenge. 

https://t.co/h0xqjEwPko",274,1279353720837271553,2020-07-04 09:57:50,Twitter Web App,33028,9079,0
194,"Performed Sindhu Puja in Nimu yesterday. 

Prayed for the peace, progress and prosperity of our nation. https://t.co/AEoWGzmg4b",127,1279345728037351424,2020-07-04 09:26:05,Twitter for iPhone,114241,14496,0
195,"देववाणीं संस्कृतभाषां वैश्विके पटले प्रचारप्रसारशिखरासनम् आसादयितुं कृतयत्नस्य डी.डी.न्यूज़-वाहिन्यां प्रसार्यमाणस्य 'वार्तावली'-कार्यक्रमस्य अतुल्यमस्ति योगदानम्।
वार्तावल्याः पञ्चवर्षपूर्त्यवसरे संस्कृतकार्यक्रमसम्बद्धान् समस्तान् सदस्यान् दर्शकाँश्च अहं हृदयेन अभिनन्दामि। https://t.co/CVuoTQWM5Y",299,1279344668572971008,2020-07-04 09:21:52,Twitter for iPhone,25603,4922,0
196,"For @BJP4India Karyakartas, serving the nation comes first. 

In these challenging times, our Karyakartas have been working tirelessly across India, helping those in need. 

Will be discussing these works and the way ahead during the ‘Seva Hi Sangathan’ interaction at 4:30 PM. https://t.co/t0gXBloBwb",301,1279325250514071553,2020-07-04 08:04:43,Twitter for iPhone,22917,3683,1
197,My address at the programme marking Dharma Chakra Parvattana. https://t.co/Nrf47tGhV5,85,1279303131193458693,2020-07-04 06:36:49,Periscope,29914,5472,0
198,विस्तारवाद का युग समाप्त हो चुका है। यह युग विकासवाद का है। https://t.co/9eFxrYjo6x,83,1279056607230529542,2020-07-03 14:17:13,Twitter Media Studio,101127,18353,0
199,"राष्ट्र की, दुनिया की, मानवता की प्रगति के लिए शांति और मित्रता बहुत जरूरी है, लेकिन हम यह भी जानते हैं कि शांति निर्बल नहीं ला सकता, कमजोर शांति की पहल नहीं कर सकता।

भारत आज जल, थल, नभ और अंतरिक्ष तक अगर अपनी ताकत बढ़ा रहा है, तो उसके पीछे का लक्ष्य भी शांति ही है। https://t.co/knBpF5uSYe",291,1279056249217310720,2020-07-03 14:15:48,Twitter Media Studio,46995,9363,0
